"ONS Parliamentary Constituency Code","ONS Parliamentary Constituency Name","ONS Ward Code","ONS Ward Name","ONS LA/UA Code","ONS LA/UA Name"
"706","East Londonderry","95A 01","Banagher","95A","Derry City"
"706","East Londonderry","95A 02","Claudy","95A","Derry City"
"708","Foyle","95A 03","Eglinton","95A","Derry City"
"708","Foyle","95A 04","Holly Mount","95A","Derry City"
"708","Foyle","95A 05","New Buildings","95A","Derry City"
"708","Foyle","95A 06","Enagh","95A","Derry City"
"708","Foyle","95A 07","Caw","95A","Derry City"
"708","Foyle","95A 08","Kilfennan","95A","Derry City"
"708","Foyle","95A 09","Altnagelvin","95A","Derry City"
"708","Foyle","95A 10","Lisnagelvin","95A","Derry City"
"708","Foyle","95A 11","Clondermot","95A","Derry City"
"708","Foyle","95A 12","Victoria","95A","Derry City"
"708","Foyle","95A 13","Ebrington","95A","Derry City"
"708","Foyle","95A 14","Crevagh","95A","Derry City"
"708","Foyle","95A 15","Springtown","95A","Derry City"
"708","Foyle","95A 16","Creggan South","95A","Derry City"
"708","Foyle","95A 17","Brandywell","95A","Derry City"
"708","Foyle","95A 18","The Diamond","95A","Derry City"
"708","Foyle","95A 19","Westland","95A","Derry City"
"708","Foyle","95A 20","Beechwood","95A","Derry City"
"708","Foyle","95A 21","Creggan Central","95A","Derry City"
"708","Foyle","95A 22","Rosemount","95A","Derry City"
"708","Foyle","95A 23","Foyle Springs","95A","Derry City"
"708","Foyle","95A 24","Strand","95A","Derry City"
"708","Foyle","95A 25","Pennyburn","95A","Derry City"
"708","Foyle","95A 26","Carn Hill","95A","Derry City"
"708","Foyle","95A 27","Shantallow West","95A","Derry City"
"708","Foyle","95A 28","Shantallow East","95A","Derry City"
"708","Foyle","95A 29","Ballynashallog","95A","Derry City"
"708","Foyle","95A 30","Culmore","95A","Derry City"
"706","East Londonderry","95B 01","Magilligan","95B","Limavady"
"706","East Londonderry","95B 02","Aghanloo","95B","Limavady"
"706","East Londonderry","95B 03","Forest","95B","Limavady"
"706","East Londonderry","95B 04","Upper Glenshane","95B","Limavady"
"706","East Londonderry","95B 05","Feeny","95B","Limavady"
"706","East Londonderry","95B 06","Dungiven","95B","Limavady"
"706","East Londonderry","95B 07","The Highlands","95B","Limavady"
"706","East Londonderry","95B 08","Glack","95B","Limavady"
"706","East Londonderry","95B 09","Gresteel","95B","Limavady"
"706","East Londonderry","95B 10","Ballykelly","95B","Limavady"
"706","East Londonderry","95B 11","Roeside","95B","Limavady"
"706","East Londonderry","95B 12","Rathbrady","95B","Limavady"
"706","East Londonderry","95B 13","Enagh","95B","Limavady"
"706","East Londonderry","95B 14","Coolessan","95B","Limavady"
"706","East Londonderry","95B 15","Greystone","95B","Limavady"
"706","East Londonderry","95C 01","Kilrea","95C","Coleraine"
"706","East Londonderry","95C 02","Agivey","95C","Coleraine"
"706","East Londonderry","95C 03","Dundooan","95C","Coleraine"
"706","East Londonderry","95C 04","Knocklynn","95C","Coleraine"
"706","East Londonderry","95C 05","Dunluce","95C","Coleraine"
"706","East Londonderry","95C 06","Royal Portrush","95C","Coleraine"
"706","East Londonderry","95C 07","Hopefield","95C","Coleraine"
"706","East Londonderry","95C 08","Atlantic","95C","Coleraine"
"706","East Londonderry","95C 09","Portstewart","95C","Coleraine"
"706","East Londonderry","95C 10","Strand","95C","Coleraine"
"706","East Londonderry","95C 11","University","95C","Coleraine"
"706","East Londonderry","95C 12","Ballysally","95C","Coleraine"
"706","East Londonderry","95C 13","Central","95C","Coleraine"
"706","East Londonderry","95C 14","Cross Glebe","95C","Coleraine"
"706","East Londonderry","95C 15","Mount Sandel","95C","Coleraine"
"706","East Londonderry","95C 16","The Cuts","95C","Coleraine"
"706","East Londonderry","95C 17","Churchland","95C","Coleraine"
"706","East Londonderry","95C 18","Waterside","95C","Coleraine"
"706","East Londonderry","95C 19","Castlerock","95C","Coleraine"
"706","East Londonderry","95C 20","Macosquin","95C","Coleraine"
"706","East Londonderry","95C 21","Ringsend","95C","Coleraine"
"706","East Londonderry","95C 22","Garvagh","95C","Coleraine"
"712","North Antrim","95D 01","Benvardin","95D","Ballymoney"
"712","North Antrim","95D 02","Seacon","95D","Ballymoney"
"712","North Antrim","95D 03","Dervock","95D","Ballymoney"
"712","North Antrim","95D 04","Stranocum","95D","Ballymoney"
"712","North Antrim","95D 05","Balyhoe and Corkey","95D","Ballymoney"
"712","North Antrim","95D 06","Knockaholet","95D","Ballymoney"
"712","North Antrim","95D 07","Route","95D","Ballymoney"
"712","North Antrim","95D 08","Glebe","95D","Ballymoney"
"712","North Antrim","95D 09","Newhill","95D","Ballymoney"
"712","North Antrim","95D 10","Carnany","95D","Ballymoney"
"712","North Antrim","95D 11","Fairhill","95D","Ballymoney"
"712","North Antrim","95D 12","The Vow","95D","Ballymoney"
"712","North Antrim","95D 13","Killoquin Lower","95D","Ballymoney"
"712","North Antrim","95D 14","Dunloy","95D","Ballymoney"
"712","North Antrim","95D 15","Clogh Mills","95D","Ballymoney"
"712","North Antrim","95D 16","Killoquin Upper","95D","Ballymoney"
"712","North Antrim","95E 01","Bushmills","95E","Moyle"
"712","North Antrim","95E 02","Ballylough","95E","Moyle"
"712","North Antrim","95E 03","Dunseverick","95E","Moyle"
"712","North Antrim","95E 04","Carnmoon","95E","Moyle"
"712","North Antrim","95E 05","Kinbane","95E","Moyle"
"712","North Antrim","95E 06","Moss-Side and Moyarget","95E","Moyle"
"712","North Antrim","95E 07","Armoy","95E","Moyle"
"712","North Antrim","95E 08","Dalriada","95E","Moyle"
"712","North Antrim","95E 09","Knocklayd","95E","Moyle"
"712","North Antrim","95E 10","Glentaisie","95E","Moyle"
"712","North Antrim","95E 11","Bonamargy and Rathlin","95E","Moyle"
"712","North Antrim","95E 12","Glenshesk","95E","Moyle"
"705","East Antrim","95E 13","Glendun","95E","Moyle"
"705","East Antrim","95E 14","Glenaan","95E","Moyle"
"705","East Antrim","95E 15","Glenariff","95E","Moyle"
"705","East Antrim","95F 01","Carnlough","95F","Larne"
"705","East Antrim","95F 02","Glenarm","95F","Larne"
"705","East Antrim","95F 03","Carncastle","95F","Larne"
"705","East Antrim","95F 04","Blackcave","95F","Larne"
"705","East Antrim","95F 05","Harbour","95F","Larne"
"705","East Antrim","95F 06","Central","95F","Larne"
"705","East Antrim","95F 07","Town Parks","95F","Larne"
"705","East Antrim","95F 08","Gardenmore","95F","Larne"
"705","East Antrim","95F 09","Craigy Hill","95F","Larne"
"705","East Antrim","95F 10","Ballyloran","95F","Larne"
"705","East Antrim","95F 11","Antiville","95F","Larne"
"705","East Antrim","95F 12","Kilwaughter","95F","Larne"
"705","East Antrim","95F 13","Glynn","95F","Larne"
"705","East Antrim","95F 14","Ballycarry","95F","Larne"
"705","East Antrim","95F 15","Island Magee","95F","Larne"
"712","North Antrim","95G 01","Glenravel","95G","Ballymena"
"712","North Antrim","95G 02","Slemish","95G","Ballymena"
"712","North Antrim","95G 03","Glenwhirry","95G","Ballymena"
"712","North Antrim","95G 04","Kells","95G","Ballymena"
"712","North Antrim","95G 05","Grange","95G","Ballymena"
"712","North Antrim","95G 06","Ahoghill","95G","Ballymena"
"712","North Antrim","95G 07","Portglenone","95G","Ballymena"
"712","North Antrim","95G 08","Dunminning","95G","Ballymena"
"712","North Antrim","95G 09","Craigywarren","95G","Ballymena"
"712","North Antrim","95G 10","Cullybackey","95G","Ballymena"
"712","North Antrim","95G 11","Broughshane","95G","Ballymena"
"712","North Antrim","95G 12","Galgorm","95G","Ballymena"
"712","North Antrim","95G 13","Academy","95G","Ballymena"
"712","North Antrim","95G 14","Ballyloughan","95G","Ballymena"
"712","North Antrim","95G 15","Park","95G","Ballymena"
"712","North Antrim","95G 16","Dunclug","95G","Ballymena"
"712","North Antrim","95G 17","Fair Green","95G","Ballymena"
"712","North Antrim","95G 18","Summerfield","95G","Ballymena"
"712","North Antrim","95G 19","Castle Demesne","95G","Ballymena"
"712","North Antrim","95G 20","Ardeevin","95G","Ballymena"
"712","North Antrim","95G 21","Harryville","95G","Ballymena"
"712","North Antrim","95G 22","Ballee","95G","Ballymena"
"712","North Antrim","95G 23","Moat","95G","Ballymena"
"712","North Antrim","95G 24","Ballykeel","95G","Ballymena"
"710","Mid Ulster","95H 01","Swatragh","95H","Magherafelt"
"710","Mid Ulster","95H 02","Upperlands","95H","Magherafelt"
"710","Mid Ulster","95H 03","Valley","95H","Magherafelt"
"710","Mid Ulster","95H 04","Lower Glenshane","95H","Magherafelt"
"710","Mid Ulster","95H 05","Maghera","95H","Magherafelt"
"710","Mid Ulster","95H 06","Gulladuff","95H","Magherafelt"
"710","Mid Ulster","95H 07","Tobermore","95H","Magherafelt"
"710","Mid Ulster","95H 08","Knockcloghrim","95H","Magherafelt"
"710","Mid Ulster","95H 09","Bellaghy","95H","Magherafelt"
"710","Mid Ulster","95H 10","Castledawson","95H","Magherafelt"
"710","Mid Ulster","95H 11","Draperstown","95H","Magherafelt"
"710","Mid Ulster","95H 12","Lecumpher","95H","Magherafelt"
"710","Mid Ulster","95H 13","Ballymaguigan","95H","Magherafelt"
"710","Mid Ulster","95H 14","Town Parks West","95H","Magherafelt"
"710","Mid Ulster","95H 15","Glebe","95H","Magherafelt"
"710","Mid Ulster","95H 16","Town Parks East","95H","Magherafelt"
"710","Mid Ulster","95I 01","Dunnamore","95I","Cookstown"
"710","Mid Ulster","95I 02","Pomeroy","95I","Cookstown"
"710","Mid Ulster","95I 03","Lissan","95I","Cookstown"
"710","Mid Ulster","95I 04","Oaklands","95I","Cookstown"
"710","Mid Ulster","95I 05","Sandholes","95I","Cookstown"
"710","Mid Ulster","95I 06","Moneymore","95I","Cookstown"
"710","Mid Ulster","95I 07","Coagh","95I","Cookstown"
"710","Mid Ulster","95I 08","Stewartstown","95I","Cookstown"
"710","Mid Ulster","95I 09","The Loop","95I","Cookstown"
"710","Mid Ulster","95I 10","Ardboe","95I","Cookstown"
"710","Mid Ulster","95I 11","Killycolpy","95I","Cookstown"
"710","Mid Ulster","95I 12","Oldtown","95I","Cookstown"
"710","Mid Ulster","95I 13","Newbuildings","95I","Cookstown"
"710","Mid Ulster","95I 14","Tullagh","95I","Cookstown"
"710","Mid Ulster","95I 15","Gortalowry","95I","Cookstown"
"710","Mid Ulster","95I 16","Killymoon","95I","Cookstown"
"718","West Tyrone","95J 01","Glenderg","95J","Strabane"
"718","West Tyrone","95J 02","Castlederg","95J","Strabane"
"718","West Tyrone","95J 03","Clare","95J","Strabane"
"718","West Tyrone","95J 04","Newtownstewart","95J","Strabane"
"718","West Tyrone","95J 05","Plumbridge","95J","Strabane"
"718","West Tyrone","95J 06","Victoria Bridge","95J","Strabane"
"718","West Tyrone","95J 07","Finn","95J","Strabane"
"718","West Tyrone","95J 08","Sion Mills","95J","Strabane"
"718","West Tyrone","95J 09","Dunnamanagh","95J","Strabane"
"718","West Tyrone","95J 10","Slievekirk","95J","Strabane"
"718","West Tyrone","95J 11","Artigarvan","95J","Strabane"
"718","West Tyrone","95J 12","North","95J","Strabane"
"718","West Tyrone","95J 13","West","95J","Strabane"
"718","West Tyrone","95J 14","East","95J","Strabane"
"718","West Tyrone","95J 15","South","95J","Strabane"
"718","West Tyrone","95J 16","Ballycolman","95J","Strabane"
"718","West Tyrone","95K 01","Trillick","95K","Omagh"
"718","West Tyrone","95K 02","Dromore","95K","Omagh"
"718","West Tyrone","95K 03","Drumquin","95K","Omagh"
"718","West Tyrone","95K 04","Fairy Water","95K","Omagh"
"718","West Tyrone","95K 05","Clanabogan","95K","Omagh"
"718","West Tyrone","95K 06","Fintona","95K","Omagh"
"718","West Tyrone","95K 07","Newtownsaville","95K","Omagh"
"718","West Tyrone","95K 08","Sixmilecross","95K","Omagh"
"718","West Tyrone","95K 09","Beragh","95K","Omagh"
"718","West Tyrone","95K 10","Drumnakilly","95K","Omagh"
"718","West Tyrone","95K 11","Termon","95K","Omagh"
"718","West Tyrone","95K 12","Owenkillew","95K","Omagh"
"718","West Tyrone","95K 13","Gortin","95K","Omagh"
"718","West Tyrone","95K 14","Lisanelly","95K","Omagh"
"718","West Tyrone","95K 15","Killyclogher","95K","Omagh"
"718","West Tyrone","95K 16","Camowen","95K","Omagh"
"718","West Tyrone","95K 17","Drumragh","95K","Omagh"
"718","West Tyrone","95K 18","Dergmoney","95K","Omagh"
"718","West Tyrone","95K 19","Coolnagard","95K","Omagh"
"718","West Tyrone","95K 20","Gortrush","95K","Omagh"
"718","West Tyrone","95K 21","Strule","95K","Omagh"
"707","Fermanagh and South Tyrone","95L 01","Rosslea","95L","Fermanagh"
"707","Fermanagh and South Tyrone","95L 02","Newtownbutler","95L","Fermanagh"
"707","Fermanagh and South Tyrone","95L 03","Donagh","95L","Fermanagh"
"707","Fermanagh and South Tyrone","95L 04","Lisnaskea","95L","Fermanagh"
"707","Fermanagh and South Tyrone","95L 05","Brookeborough","95L","Fermanagh"
"707","Fermanagh and South Tyrone","95L 06","Maguires Bridge","95L","Fermanagh"
"707","Fermanagh and South Tyrone","95L 07","Tempo","95L","Fermanagh"
"707","Fermanagh and South Tyrone","95L 08","Lisbellaw","95L","Fermanagh"
"707","Fermanagh and South Tyrone","95L 09","Ballinamallard","95L","Fermanagh"
"707","Fermanagh and South Tyrone","95L 10","Irvinestown","95L","Fermanagh"
"707","Fermanagh and South Tyrone","95L 11","Lisnarrick","95L","Fermanagh"
"707","Fermanagh and South Tyrone","95L 12","Kesh, Ederney and Lack","95L","Fermanagh"
"707","Fermanagh and South Tyrone","95L 13","Belleek and Boa","95L","Fermanagh"
"707","Fermanagh and South Tyrone","95L 14","Belcoo and Garrison","95L","Fermanagh"
"707","Fermanagh and South Tyrone","95L 15","Derrygonnelly","95L","Fermanagh"
"707","Fermanagh and South Tyrone","95L 16","Boho, Cleenish and Letterbreen","95L","Fermanagh"
"707","Fermanagh and South Tyrone","95L 17","Florence Court and Kinawley","95L","Fermanagh"
"707","Fermanagh and South Tyrone","95L 18","Derrylin","95L","Fermanagh"
"707","Fermanagh and South Tyrone","95L 19","Rossorry","95L","Fermanagh"
"707","Fermanagh and South Tyrone","95L 20","Portora","95L","Fermanagh"
"707","Fermanagh and South Tyrone","95L 21","Devenish","95L","Fermanagh"
"707","Fermanagh and South Tyrone","95L 22","Erne","95L","Fermanagh"
"707","Fermanagh and South Tyrone","95L 23","Castlecoole","95L","Fermanagh"
"707","Fermanagh and South Tyrone","95M 01","Fivemiletown","95M","Dungannon and South Tyrone"
"707","Fermanagh and South Tyrone","95M 02","Clogher","95M","Dungannon and South Tyrone"
"707","Fermanagh and South Tyrone","95M 03","Augher","95M","Dungannon and South Tyrone"
"707","Fermanagh and South Tyrone","95M 04","Ballygawley","95M","Dungannon and South Tyrone"
"707","Fermanagh and South Tyrone","95M 05","Castlecaulfield","95M","Dungannon and South Tyrone"
"710","Mid Ulster","95M 06","Altmore","95M","Dungannon and South Tyrone"
"710","Mid Ulster","95M 07","Donaghmore","95M","Dungannon and South Tyrone"
"710","Mid Ulster","95M 08","Coalisland West and Newmills","95M","Dungannon and South Tyrone"
"710","Mid Ulster","95M 09","Coalisland North","95M","Dungannon and South Tyrone"
"710","Mid Ulster","95M 10","Coalisland South","95M","Dungannon and South Tyrone"
"710","Mid Ulster","95M 11","Washing Bay","95M","Dungannon and South Tyrone"
"707","Fermanagh and South Tyrone","95M 12","Killyman","95M","Dungannon and South Tyrone"
"707","Fermanagh and South Tyrone","95M 13","Moy","95M","Dungannon and South Tyrone"
"707","Fermanagh and South Tyrone","95M 14","Benburb","95M","Dungannon and South Tyrone"
"707","Fermanagh and South Tyrone","95M 15","Caledon","95M","Dungannon and South Tyrone"
"707","Fermanagh and South Tyrone","95M 16","Aughnacloy","95M","Dungannon and South Tyrone"
"707","Fermanagh and South Tyrone","95M 17","Mullaghmore","95M","Dungannon and South Tyrone"
"707","Fermanagh and South Tyrone","95M 18","Ballysaggart","95M","Dungannon and South Tyrone"
"707","Fermanagh and South Tyrone","95M 19","Moygashel","95M","Dungannon and South Tyrone"
"707","Fermanagh and South Tyrone","95M 20","Coolhill","95M","Dungannon and South Tyrone"
"707","Fermanagh and South Tyrone","95M 21","Killymeal","95M","Dungannon and South Tyrone"
"707","Fermanagh and South Tyrone","95M 22","Drumglass","95M","Dungannon and South Tyrone"
"717","Upper Bann","95N 01","The Birches","95N","Craigavon"
"717","Upper Bann","95N 02","Derrytrasna","95N","Craigavon"
"717","Upper Bann","95N 03","Aghagallon","95N","Craigavon"
"717","Upper Bann","95N 04","Magheralin","95N","Craigavon"
"717","Upper Bann","95N 05","Donaghcloney","95N","Craigavon"
"717","Upper Bann","95N 06","Waringstown","95N","Craigavon"
"717","Upper Bann","95N 07","Bleary","95N","Craigavon"
"717","Upper Bann","95N 08","Ballyoran","95N","Craigavon"
"717","Upper Bann","95N 09","Corcrain","95N","Craigavon"
"717","Upper Bann","95N 10","Ballybay","95N","Craigavon"
"717","Upper Bann","95N 11","Brownstown","95N","Craigavon"
"717","Upper Bann","95N 12","Tavanagh","95N","Craigavon"
"717","Upper Bann","95N 13","Annagh","95N","Craigavon"
"717","Upper Bann","95N 14","Edenderry","95N","Craigavon"
"717","Upper Bann","95N 15","Killycomain","95N","Craigavon"
"717","Upper Bann","95N 16","Kernan","95N","Craigavon"
"717","Upper Bann","95N 17","Drumgor","95N","Craigavon"
"717","Upper Bann","95N 18","Drumgask","95N","Craigavon"
"717","Upper Bann","95N 19","Woodville","95N","Craigavon"
"717","Upper Bann","95N 20","Drumnamoe","95N","Craigavon"
"717","Upper Bann","95N 21","Parklake","95N","Craigavon"
"717","Upper Bann","95N 22","Court","95N","Craigavon"
"717","Upper Bann","95N 23","Taghnevan","95N","Craigavon"
"717","Upper Bann","95N 24","Mourneview","95N","Craigavon"
"717","Upper Bann","95N 25","Church","95N","Craigavon"
"717","Upper Bann","95N 26","Knocknashane","95N","Craigavon"
"711","Newry and Armagh","95O 01","Charlemont","95O","Armagh"
"711","Newry and Armagh","95O 02","Loughgall","95O","Armagh"
"711","Newry and Armagh","95O 03","Hockley","95O","Armagh"
"711","Newry and Armagh","95O 04","Ballymartrim","95O","Armagh"
"711","Newry and Armagh","95O 05","Killylea","95O","Armagh"
"711","Newry and Armagh","95O 06","Milford","95O","Armagh"
"711","Newry and Armagh","95O 07","Derrynoose","95O","Armagh"
"711","Newry and Armagh","95O 08","Keady","95O","Armagh"
"711","Newry and Armagh","95O 09","Carrigatuke","95O","Armagh"
"711","Newry and Armagh","95O 10","Killeen","95O","Armagh"
"711","Newry and Armagh","95O 11","Markethill","95O","Armagh"
"711","Newry and Armagh","95O 12","Poyntz Pass","95O","Armagh"
"711","Newry and Armagh","95O 13","Tandragee","95O","Armagh"
"711","Newry and Armagh","95O 14","Laurelvale","95O","Armagh"
"711","Newry and Armagh","95O 15","Rich Hill","95O","Armagh"
"711","Newry and Armagh","95O 16","Hamiltonsbawn","95O","Armagh"
"711","Newry and Armagh","95O 17","Downs","95O","Armagh"
"711","Newry and Armagh","95O 18","Callan Bridge","95O","Armagh"
"711","Newry and Armagh","95O 19","Abbey Park","95O","Armagh"
"711","Newry and Armagh","95O 20","Observatory","95O","Armagh"
"711","Newry and Armagh","95O 21","The Mall","95O","Armagh"
"711","Newry and Armagh","95O 22","Demesne","95O","Armagh"
"715","South Down","95P 01","Annalong","95P","Newry and Mourne"
"715","South Down","95P 02","Binnian","95P","Newry and Mourne"
"715","South Down","95P 03","Kilkeel Central","95P","Newry and Mourne"
"715","South Down","95P 04","Kilkeel South","95P","Newry and Mourne"
"715","South Down","95P 05","Lisnacree","95P","Newry and Mourne"
"715","South Down","95P 06","Rostrevor","95P","Newry and Mourne"
"715","South Down","95P 07","Seaview","95P","Newry and Mourne"
"715","South Down","95P 08","Clonallan","95P","Newry and Mourne"
"715","South Down","95P 09","Derryleckagh","95P","Newry and Mourne"
"715","South Down","95P 10","Burren and Kilbroney","95P","Newry and Mourne"
"715","South Down","95P 11","Spelga","95P","Newry and Mourne"
"715","South Down","95P 12","Mayobridge","95P","Newry and Mourne"
"715","South Down","95P 13","Donaghmore","95P","Newry and Mourne"
"711","Newry and Armagh","95P 14","Windsor Hill","95P","Newry and Mourne"
"711","Newry and Armagh","95P 15","St. Patrick's","95P","Newry and Mourne"
"711","Newry and Armagh","95P 16","St. Mary's","95P","Newry and Mourne"
"711","Newry and Armagh","95P 17","Drumgullion","95P","Newry and Mourne"
"711","Newry and Armagh","95P 18","Ballybot","95P","Newry and Mourne"
"711","Newry and Armagh","95P 19","Daisy Hill","95P","Newry and Mourne"
"711","Newry and Armagh","95P 20","Drumalane","95P","Newry and Mourne"
"711","Newry and Armagh","95P 21","Derrymore","95P","Newry and Mourne"
"711","Newry and Armagh","95P 22","Bessbrook","95P","Newry and Mourne"
"711","Newry and Armagh","95P 23","Tullyhappy","95P","Newry and Mourne"
"711","Newry and Armagh","95P 24","Camlough","95P","Newry and Mourne"
"711","Newry and Armagh","95P 25","Newtownhamilton","95P","Newry and Mourne"
"711","Newry and Armagh","95P 26","Creggan","95P","Newry and Mourne"
"711","Newry and Armagh","95P 27","Crossmaglen","95P","Newry and Mourne"
"711","Newry and Armagh","95P 28","Silver Bridge","95P","Newry and Mourne"
"711","Newry and Armagh","95P 29","Forkhill","95P","Newry and Mourne"
"711","Newry and Armagh","95P 30","Fathom","95P","Newry and Mourne"
"717","Upper Bann","95Q 01","Gilford","95Q","Banbridge"
"717","Upper Bann","95Q 02","Lawrencetown","95Q","Banbridge"
"717","Upper Bann","95Q 03","Loughbrickland","95Q","Banbridge"
"715","South Down","95Q 04","Bannside","95Q","Banbridge"
"715","South Down","95Q 05","Katesbridge","95Q","Banbridge"
"715","South Down","95Q 06","Ballyward","95Q","Banbridge"
"709","Lagan Valley","95Q 07","Gransha","95Q","Banbridge"
"709","Lagan Valley","95Q 08","Dromore South","95Q","Banbridge"
"709","Lagan Valley","95Q 09","Dromore North","95Q","Banbridge"
"709","Lagan Valley","95Q 10","Quilly","95Q","Banbridge"
"715","South Down","95Q 11","Rathfriland","95Q","Banbridge"
"717","Upper Bann","95Q 12","Edenderry","95Q","Banbridge"
"717","Upper Bann","95Q 13","Banbridge West","95Q","Banbridge"
"717","Upper Bann","95Q 14","Fort","95Q","Banbridge"
"717","Upper Bann","95Q 15","Ballydown","95Q","Banbridge"
"717","Upper Bann","95Q 16","Seapatrick","95Q","Banbridge"
"717","Upper Bann","95Q 17","The Cut","95Q","Banbridge"
"716","Strangford","95R 01","Saintfield","95R","Down"
"716","Strangford","95R 02","Kilmore","95R","Down"
"716","Strangford","95R 03","Ballynahinch East","95R","Down"
"716","Strangford","95R 04","Ballymaglave","95R","Down"
"715","South Down","95R 05","Drumaness","95R","Down"
"716","Strangford","95R 06","Derryboy","95R","Down"
"716","Strangford","95R 07","Killyleagh","95R","Down"
"715","South Down","95R 08","Crossgar","95R","Down"
"715","South Down","95R 09","Quoile","95R","Down"
"715","South Down","95R 10","Audleys Acre","95R","Down"
"715","South Down","95R 11","Ballymote","95R","Down"
"715","South Down","95R 12","Cathedral","95R","Down"
"715","South Down","95R 13","Strangford","95R","Down"
"715","South Down","95R 14","Ardglass","95R","Down"
"715","South Down","95R 15","Killough","95R","Down"
"715","South Down","95R 16","Seaforde","95R","Down"
"715","South Down","95R 17","Dunmore","95R","Down"
"715","South Down","95R 18","Castlewellan","95R","Down"
"715","South Down","95R 19","Dundrum","95R","Down"
"715","South Down","95R 20","Murlough","95R","Down"
"715","South Down","95R 21","Shimna","95R","Down"
"715","South Down","95R 22","Donard","95R","Down"
"715","South Down","95R 23","Tollymore","95R","Down"
"714","South Antrim","95S 01","Glenavy","95S","Lisburn"
"709","Lagan Valley","95S 02","Ballinderry","95S","Lisburn"
"709","Lagan Valley","95S 03","Moira","95S","Lisburn"
"709","Lagan Valley","95S 04","Maghaberry","95S","Lisburn"
"709","Lagan Valley","95S 05","Maze","95S","Lisburn"
"709","Lagan Valley","95S 06","Hillsborough","95S","Lisburn"
"709","Lagan Valley","95S 07","Dromara","95S","Lisburn"
"709","Lagan Valley","95S 08","Ballymacbrennan","95S","Lisburn"
"709","Lagan Valley","95S 09","Drumbo","95S","Lisburn"
"709","Lagan Valley","95S 10","Hillhall","95S","Lisburn"
"709","Lagan Valley","95S 11","Blaris","95S","Lisburn"
"709","Lagan Valley","95S 12","Knockmore","95S","Lisburn"
"709","Lagan Valley","95S 13","Old Warren","95S","Lisburn"
"709","Lagan Valley","95S 14","Lagan Valley","95S","Lisburn"
"709","Lagan Valley","95S 15","Tonagh","95S","Lisburn"
"709","Lagan Valley","95S 16","Ballymacoss","95S","Lisburn"
"709","Lagan Valley","95S 17","Ballymacash","95S","Lisburn"
"709","Lagan Valley","95S 18","Lisnagarvy","95S","Lisburn"
"709","Lagan Valley","95S 19","Wallace Park","95S","Lisburn"
"709","Lagan Valley","95S 20","Magheralave","95S","Lisburn"
"709","Lagan Valley","95S 21","Harmony Hill","95S","Lisburn"
"709","Lagan Valley","95S 22","Hilden","95S","Lisburn"
"709","Lagan Valley","95S 23","Lambeg","95S","Lisburn"
"709/704","Lagan Valley/Belfast West","95S 24","Derryaghy","95S","Lisburn"
"709","Lagan Valley","95S 25","Seymour Hill","95S","Lisburn"
"704","Belfast West","95S 26","Dunmurry","95S","Lisburn"
"704","Belfast West","95S 27","Twinbrook","95S","Lisburn"
"704","Belfast West","95S 28","Poleglass","95S","Lisburn"
"704","Belfast West","95S 29","Kilwee","95S","Lisburn"
"704","Belfast West","95S 30","Collin Glen","95S","Lisburn"
"714","South Antrim","95T 01","Toome","95T","Antrim"
"714","South Antrim","95T 02","Drumanaway","95T","Antrim"
"714","South Antrim","95T 03","Cranfield","95T","Antrim"
"714","South Antrim","95T 04","Randalstown","95T","Antrim"
"714","South Antrim","95T 05","Shilvodan","95T","Antrim"
"714","South Antrim","95T 06","Templepatrick","95T","Antrim"
"714","South Antrim","95T 07","Farranshane","95T","Antrim"
"714","South Antrim","95T 08","Springfarm","95T","Antrim"
"714","South Antrim","95T 09","Massereene","95T","Antrim"
"714","South Antrim","95T 10","Balloo","95T","Antrim"
"714","South Antrim","95T 11","Fountain Hill","95T","Antrim"
"714","South Antrim","95T 12","Steeple","95T","Antrim"
"714","South Antrim","95T 13","Stiles","95T","Antrim"
"714","South Antrim","95T 14","Greystone","95T","Antrim"
"714","South Antrim","95T 15","Parkgate","95T","Antrim"
"714","South Antrim","95T 16","Ballycraigy","95T","Antrim"
"714","South Antrim","95T 17","Clady","95T","Antrim"
"714","South Antrim","95T 18","Aldergrove","95T","Antrim"
"714","South Antrim","95T 19","Crumlin","95T","Antrim"
"714","South Antrim","95U 01","Mallusk","95U","Newtownabbey"
"714","South Antrim","95U 02","Doagh","95U","Newtownabbey"
"714","South Antrim","95U 03","Ballyclare North","95U","Newtownabbey"
"714","South Antrim","95U 04","Ballyclare South","95U","Newtownabbey"
"714","South Antrim","95U 05","Ballynure","95U","Newtownabbey"
"714","South Antrim","95U 06","Ballyrobert","95U","Newtownabbey"
"714","South Antrim","95U 07","Hawthorne","95U","Newtownabbey"
"705","East Antrim","95U 08","Jordanstown","95U","Newtownabbey"
"705","East Antrim","95U 09","Rostulla","95U","Newtownabbey"
"705","East Antrim","95U 10","Monkstown","95U","Newtownabbey"
"714","South Antrim","95U 11","Ballyduff","95U","Newtownabbey"
"714","South Antrim","95U 12","Carnmoney","95U","Newtownabbey"
"714","South Antrim","95U 13","Mossley","95U","Newtownabbey"
"714","South Antrim","95U 14","Burnthill","95U","Newtownabbey"
"702","Belfast North","95U 15","Cloughfern","95U","Newtownabbey"
"702","Belfast North","95U 16","Ballyhenry","95U","Newtownabbey"
"702","Belfast North","95U 17","Glengormley","95U","Newtownabbey"
"702","Belfast North","95U 18","Glebe","95U","Newtownabbey"
"702","Belfast North","95U 19","Hightown","95U","Newtownabbey"
"702","Belfast North","95U 20","Collinbridge","95U","Newtownabbey"
"702","Belfast North","95U 21","Coole","95U","Newtownabbey"
"702","Belfast North","95U 22","Dunanney","95U","Newtownabbey"
"702","Belfast North","95U 23","Abbey","95U","Newtownabbey"
"702","Belfast North","95U 24","Whitehouse","95U","Newtownabbey"
"702","Belfast North","95U 25","Valley","95U","Newtownabbey"
"705","East Antrim","95V 01","Blackhead","95V","Carrickfergus"
"705","East Antrim","95V 02","Whitehead","95V","Carrickfergus"
"705","East Antrim","95V 03","Eden","95V","Carrickfergus"
"705","East Antrim","95V 04","Boneybefore","95V","Carrickfergus"
"705","East Antrim","95V 05","Bluefield","95V","Carrickfergus"
"705","East Antrim","95V 06","Victoria","95V","Carrickfergus"
"705","East Antrim","95V 07","Milebush","95V","Carrickfergus"
"705","East Antrim","95V 08","Love Lane","95V","Carrickfergus"
"705","East Antrim","95V 09","Sunnylands","95V","Carrickfergus"
"705","East Antrim","95V 10","Northland","95V","Carrickfergus"
"705","East Antrim","95V 11","Clipperstown","95V","Carrickfergus"
"705","East Antrim","95V 12","Killycrot","95V","Carrickfergus"
"705","East Antrim","95V 13","Woodburn","95V","Carrickfergus"
"705","East Antrim","95V 14","Burleigh Hill","95V","Carrickfergus"
"705","East Antrim","95V 15","Greenisland","95V","Carrickfergus"
"705","East Antrim","95V 16","Gortalee","95V","Carrickfergus"
"705","East Antrim","95V 17","Knockagh","95V","Carrickfergus"
"713","North Down","95W 01","Groomsport","95W","North Down"
"713","North Down","95W 02","Churchill","95W","North Down"
"713","North Down","95W 03","Ballyholme","95W","North Down"
"713","North Down","95W 04","Broadway","95W","North Down"
"713","North Down","95W 05","Ballymaconnell","95W","North Down"
"713","North Down","95W 06","Ballymagee","95W","North Down"
"713","North Down","95W 07","Ballycrochan","95W","North Down"
"713","North Down","95W 08","Harbour","95W","North Down"
"713","North Down","95W 09","Bangor Castle","95W","North Down"
"713","North Down","95W 10","Bloomfield","95W","North Down"
"713","North Down","95W 11","Whitehill","95W","North Down"
"713","North Down","95W 12","Conlig","95W","North Down"
"713","North Down","95W 13","Princetown","95W","North Down"
"713","North Down","95W 14","Bryansburn","95W","North Down"
"713","North Down","95W 15","Silverstream","95W","North Down"
"713","North Down","95W 16","Rathgael","95W","North Down"
"713","North Down","95W 17","Clandeboye","95W","North Down"
"713","North Down","95W 18","Dufferin","95W","North Down"
"713","North Down","95W 19","Spring Hill","95W","North Down"
"713","North Down","95W 20","Crawfordsburn","95W","North Down"
"713","North Down","95W 21","Craigavad","95W","North Down"
"713","North Down","95W 22","Cultra","95W","North Down"
"713","North Down","95W 23","Holywood Priory","95W","North Down"
"713","North Down","95W 24","Holywood Demesne","95W","North Down"
"713","North Down","95W 25","Loughview","95W","North Down"
"716","Strangford","95X 01","Killinchy","95X","Ards"
"716","Strangford","95X 02","Ballygowan","95X","Ards"
"716","Strangford","95X 03","Lisbane","95X","Ards"
"716","Strangford","95X 04","Comber West","95X","Ards"
"716","Strangford","95X 05","Comber East","95X","Ards"
"716","Strangford","95X 06","Comber North","95X","Ards"
"716","Strangford","95X 07","Scrabo","95X","Ards"
"716","Strangford","95X 08","Ballyrainey","95X","Ards"
"716","Strangford","95X 09","Bradshaw's Brae","95X","Ards"
"716","Strangford","95X 10","Glen","95X","Ards"
"716","Strangford","95X 11","Whitespots","95X","Ards"
"716","Strangford","95X 12","Movilla","95X","Ards"
"716","Strangford","95X 13","Central","95X","Ards"
"716","Strangford","95X 14","Gregstown","95X","Ards"
"716","Strangford","95X 15","Loughries","95X","Ards"
"713","North Down","95X 16","Donaghadee North","95X","Ards"
"713","North Down","95X 17","Donaghadee South","95X","Ards"
"713","North Down","95X 18","Millisle","95X","Ards"
"716","Strangford","95X 19","Carrowdore","95X","Ards"
"716","Strangford","95X 20","Ballywalter","95X","Ards"
"716","Strangford","95X 21","Portavogie","95X","Ards"
"716","Strangford","95X 22","Kircubbin","95X","Ards"
"716","Strangford","95X 23","Portaferry","95X","Ards"
"701","Belfast East","95Y 01","Dundonald","95Y","Castlereagh"
"701","Belfast East","95Y 02","Carrowreagh","95Y","Castlereagh"
"701","Belfast East","95Y 03","Enler","95Y","Castlereagh"
"701","Belfast East","95Y 04","Graham's Bridge","95Y","Castlereagh"
"701","Belfast East","95Y 05","Ballyhanwood","95Y","Castlereagh"
"701","Belfast East","95Y 06","Tullycarnet","95Y","Castlereagh"
"701","Belfast East","95Y 07","Gilnahirk","95Y","Castlereagh"
"701","Belfast East","95Y 08","Upper Braniel","95Y","Castlereagh"
"716","Strangford","95Y 09","Moneyreagh","95Y","Castlereagh"
"703","Belfast South","95Y 10","Galwally","95Y","Castlereagh"
"701","Belfast East","95Y 11","Lower Braniel","95Y","Castlereagh"
"703","Belfast South","95Y 12","Hillfoot","95Y","Castlereagh"
"701","Belfast East","95Y 13","Lisnasharragh","95Y","Castlereagh"
"701","Belfast East","95Y 14","Downshire","95Y","Castlereagh"
"701","Belfast East","95Y 15","Cregagh","95Y","Castlereagh"
"703","Belfast South","95Y 16","Wynchurch","95Y","Castlereagh"
"703","Belfast South","95Y 17","Newtownbreda","95Y","Castlereagh"
"703","Belfast South","95Y 18","Cairnshill","95Y","Castlereagh"
"703","Belfast South","95Y 19","Knockbracken","95Y","Castlereagh"
"703","Belfast South","95Y 20","Carryduff West","95Y","Castlereagh"
"703","Belfast South","95Y 21","Carryduff East","95Y","Castlereagh"
"703","Belfast South","95Y 22","Beechill","95Y","Castlereagh"
"703","Belfast South","95Y 23","Minnowburn","95Y","Castlereagh"
"701","Belfast East","95Z 01","Sydenham","95Z","Belfast"
"701","Belfast East","95Z 02","Island","95Z","Belfast"
"701","Belfast East","95Z 03","Ballymacarrett","95Z","Belfast"
"701","Belfast East","95Z 04","Bloomfield","95Z","Belfast"
"701","Belfast East","95Z 05","Ballyhackamore","95Z","Belfast"
"701","Belfast East","95Z 06","Belmont","95Z","Belfast"
"701","Belfast East","95Z 07","Stormont","95Z","Belfast"
"701","Belfast East","95Z 08","Cherryvalley","95Z","Belfast"
"701","Belfast East","95Z 09","Knock","95Z","Belfast"
"701","Belfast East","95Z 10","Orangefield","95Z","Belfast"
"701","Belfast East","95Z 11","The Mount","95Z","Belfast"
"703","Belfast South","95Z 12","Woodstock","95Z","Belfast"
"703","Belfast South","95Z 13","Ravenhill","95Z","Belfast"
"703","Belfast South","95Z 14","Ballynafeigh","95Z","Belfast"
"703","Belfast South","95Z 15","Rosetta","95Z","Belfast"
"703","Belfast South","95Z 16","Upper Malone","95Z","Belfast"
"703","Belfast South","95Z 17","Finaghy","95Z","Belfast"
"703","Belfast South","95Z 18","Musgrave","95Z","Belfast"
"703","Belfast South","95Z 19","Blackstaff","95Z","Belfast"
"703","Belfast South","95Z 20","Malone","95Z","Belfast"
"703","Belfast South","95Z 21","Stranmillis","95Z","Belfast"
"703","Belfast South","95Z 22","Windsor","95Z","Belfast"
"703","Belfast South","95Z 23","Botanic","95Z","Belfast"
"703","Belfast South","95Z 24","Shaftesbury","95Z","Belfast"
"704","Belfast West","95Z 25","Ladybrook","95Z","Belfast"
"704","Belfast West","95Z 26","Glencolin","95Z","Belfast"
"704","Belfast West","95Z 27","Andersonstown","95Z","Belfast"
"704","Belfast West","95Z 28","Glen Road","95Z","Belfast"
"704","Belfast West","95Z 29","Falls Park","95Z","Belfast"
"704","Belfast West","95Z 30","Upper Springfield","95Z","Belfast"
"704","Belfast West","95Z 31","Whiterock","95Z","Belfast"
"704","Belfast West","95Z 32","Beechmount","95Z","Belfast"
"704","Belfast West","95Z 33","Highfield","95Z","Belfast"
"704","Belfast West","95Z 34","Glencairn","95Z","Belfast"
"702","Belfast North","95Z 35","Woodvale","95Z","Belfast"
"702","Belfast North","95Z 36","Crumlin","95Z","Belfast"
"704","Belfast West","95Z 37","Shankill","95Z","Belfast"
"704","Belfast West","95Z 38","Clonard","95Z","Belfast"
"704","Belfast West","95Z 39","Falls","95Z","Belfast"
"702","Belfast North","95Z 40","New Lodge","95Z","Belfast"
"702","Belfast North","95Z 41","Duncairn","95Z","Belfast"
"702","Belfast North","95Z 42","Water Works","95Z","Belfast"
"702","Belfast North","95Z 43","Ardoyne","95Z","Belfast"
"702","Belfast North","95Z 44","Legoniel","95Z","Belfast"
"702","Belfast North","95Z 45","Ballysillan","95Z","Belfast"
"702","Belfast North","95Z 46","Cliftonville","95Z","Belfast"
"702","Belfast North","95Z 47","Chichester Park","95Z","Belfast"
"702","Belfast North","95Z 48","Fortwilliam","95Z","Belfast"
"702","Belfast North","95Z 49","Cavehill","95Z","Belfast"
"702","Belfast North","95Z 50","Castleview","95Z","Belfast"
"702","Belfast North","95Z 51","Bellevue","95Z","Belfast"
